<?xml version="1.0" encoding="UTF-8"?>

<beans xmlns="http://www.springframework.org/schema/beans"
	xmlns:context="http://www.springframework.org/schema/context"
	xmlns:xsi="http://www.w3.org/2001/XMLSchema-instance"
	xsi:schemaLocation="
        http://www.springframework.org/schema/beans     
        http://www.springframework.org/schema/beans/spring-beans-3.0.xsd
        http://www.springframework.org/schema/context 
        http://www.springframework.org/schema/context/spring-context-3.0.xsd">
        
        
<context:component-scan base-package="com.virtusa.controller" />    
	<bean id="dataSource" class="org.apache.commons.dbcp.BasicDataSource"
		destroy-method="close">
		<property name="driverClassName" value="com.mysql.jdbc.Driver" />
		<property name="url" value="jdbc:mysql://localhost:3306/user" />
		<property name="username" value="root" />
		<property name="password" value="1" />
	</bean>

<bean class="org.springframework.web.servlet.view.InternalResourceViewResolver">    
<property name="prefix" value="/pages/"></property>    
<property name="suffix" value=".jsp"></property>    
</bean>  
	<bean id="hibernate3AnnotatedSessionFactory"
		class="org.springframework.orm.hibernate3.annotation.AnnotationSessionFactoryBean">
		<property name="dataSource" ref="dataSource" />
		<property name="annotatedClasses">
			<list>
				<value>com.virtusa.models.Employee</value>
			</list>
		</property>
		<property name="hibernateProperties">
			<props>
				<prop key="hibernate.dialect">org.hibernate.dialect.MySQLDialect</prop>
				<prop key="hibernate.current_session_context_class">thread</prop>
				<prop key="hibernate.show_sql">false</prop>
			</props>
		</property>
	</bean>
	
	<bean id="employeeDAO" class="com.virtusa.dao.EmployeeDAOImpl">
		<property name="sessionFactory" ref="hibernate3AnnotatedSessionFactory" />
	</bean>
</beans>