<?xml version='1.0' encoding='UTF-8'?>  
<!DOCTYPE hibernate-mapping PUBLIC  
 "-//Hibernate/Hibernate Mapping DTD 5.3//EN"  
 "http://hibernate.sourceforge.net/hibernate-mapping-5.3.dtd">  
  
 <hibernate-mapping>  
  <class name="com.virtusa." table="student">  
    <id name="rollno" column name="ROLLNO" type="int">  
     <generator class="assigned"></generator>  
    </id>  
            
    <property name="name" column name="NAME" type="String"></property>  
    <property name="marks" column name="MARKS" type="int"></property>  
            
  </class>  
            
 </hibernate-mapping>  