<!DOCTYPE hibernate-configuration PUBLIC
        "-//Hibernate/Hibernate Configuration DTD 3.0//EN"
        "http://www.hibernate.org/dtd/hibernate-configuration-3.0.dtd">
<hibernate-configuration>
    <session-factory>
        <!-- JDBC Database connection settings -->
        <property name="connection.driver_class">com.mysql.jdbc.Driver</property>
        <property name="connection.url">jdbc:mysql://localhost:3306/user</property>
        <property name="connection.username">root</property>
        <property name="connection.password">1</property>
        <!-- JDBC connection pool settings ... using built-in test pool -->
      
        <!-- Select our SQL dialect -->
        <property name="dialect">org.hibernate.dialect.MySQL5Dialect</property>

        <property name="show_sql">true</property>
        
        <mapping class="com.javatpoint.mypackage.Employee"/>
    </session-factory>
</hibernate-configuration>